Date,Source Files,Statements,Lines,Comment Lines,Documentation Lines,Data Files,Data Bytes,User,Routines,Classes
07-Jan-2013 22:11,261,24256,77056,7322,13029,0,0,morgan,
09-Jan-2013 18:03,261,24267,77076,7322,13030,0,0,morgan,
10-Jan-2013 09:38,261,24276,77113,7320,13044,0,0,morgan,
12-Jan-2013 21:15,261,24312,77203,7324,13046,0,0,morgan,
15-Jan-2013 14:19,263,24417,77511,7340,13070,0,0,morgan,
17-Jan-2013 15:03,263,24422,77551,7341,13082,0,0,morgan,
20-Jan-2013 12:35,265,24724,78679,7718,13470,0,0,morgan,
21-Jan-2013 11:27,265,24724,78679,7718,13470,0,0,morgan,
22-Jan-2013 17:03,265,24771,78796,7724,13491,0,0,morgan,
23-Jan-2013 10:11,265,24773,78795,7724,13491,0,0,morgan,
24-Jan-2013 14:08,265,24773,78795,7724,13491,0,0,morgan,
26-Jan-2013 17:38,265,24775,78803,7725,13491,0,0,morgan,
31-Jan-2013 10:31,265,24807,78896,7728,13502,0,0,morgan,
01-Feb-2013 12:00,265,24825,78922,7727,13501,0,0,morgan,
03-Feb-2013 20:27,265,24825,78922,7727,13501,0,0,morgan,
04-Feb-2013 22:17,265,24825,78922,7727,13501,0,0,morgan,
08-Feb-2013 19:42,265,24852,79001,7729,13507,0,0,morgan,
10-Feb-2013 15:25,265,24852,79001,7729,13507,0,0,morgan,
14-Feb-2013 20:58,266,24890,79134,7737,13532,0,0,morgan,
16-Feb-2013 00:31,266,24894,79146,7734,13532,0,0,morgan,
17-Feb-2013 13:22,266,24894,79146,7734,13532,0,0,morgan,
19-Feb-2013 10:29,266,24894,79146,7734,13532,0,0,morgan,
21-Feb-2013 07:42,266,24894,79149,7734,13533,0,0,morgan,
23-Feb-2013 11:13,266,24894,79149,7734,13533,0,0,morgan,
25-Feb-2013 16:40,266,24894,79150,7734,13533,0,0,morgan,
28-Feb-2013 00:27,266,24894,79150,7734,13533,0,0,morgan,
01-Mar-2013 11:25,266,24894,79150,7734,13533,0,0,morgan,
02-Mar-2013 18:50,266,24894,79150,7734,13533,0,0,morgan,
05-Mar-2013 04:18,266,24894,79150,7734,13533,0,0,morgan,
07-Mar-2013 21:14,266,24894,79150,7734,13533,0,0,morgan,
08-Mar-2013 16:08,266,24897,79155,7734,13534,0,0,morgan,
13-Mar-2013 23:36,266,24906,79166,7734,13536,0,0,morgan,
14-Mar-2013 20:20,266,24906,79167,7734,13536,0,0,morgan,
15-Mar-2013 22:16,266,24906,79167,7734,13536,0,0,morgan,
16-Mar-2013 16:30,266,24919,79193,7735,13536,0,0,morgan,
17-Mar-2013 17:23,266,24919,79193,7735,13536,0,0,morgan,
18-Mar-2013 20:26,266,24918,79193,7735,13536,0,0,morgan,
27-Mar-2013 13:08,267,24958,79306,7735,13554,0,0,morgan,
29-Mar-2013 14:51,267,24978,79387,7737,13556,0,0,morgan,
01-Apr-2013 21:58,267,24988,79425,7739,13561,0,0,morgan,
04-Apr-2013 13:30,267,24988,79426,7739,13562,0,0,morgan,
06-Apr-2013 18:31,267,24989,79430,7739,13562,0,0,morgan,
08-Apr-2013 15:25,268,25054,79563,7756,13599,0,0,morgan,
09-Apr-2013 21:43,268,25073,79628,7685,13553,0,0,morgan,
10-Apr-2013 20:29,268,25073,79628,7685,13553,0,0,morgan,
12-Apr-2013 22:14,268,25078,79661,7685,13568,0,0,morgan,
13-Apr-2013 16:56,268,25109,79744,7689,13568,0,0,morgan,
14-Apr-2013 23:40,268,25209,80058,7715,13618,0,0,morgan,
16-Apr-2013 13:48,268,25209,80058,7715,13618,0,0,morgan,
24-Apr-2013 17:36,268,25206,80090,7719,13627,0,0,morgan,
29-Apr-2013 19:43,268,25208,80094,7719,13626,0,0,morgan,
30-Apr-2013 18:52,268,25210,80103,7719,13626,0,0,morgan,
02-May-2013 16:08,268,25210,80103,7719,13626,0,0,morgan,
03-May-2013 22:49,268,25210,80103,7719,13626,0,0,morgan,
11-May-2013 13:23,268,25210,80104,7719,13626,0,0,morgan,
14-May-2013 18:26,268,25210,80104,7719,13626,0,0,morgan,
16-May-2013 21:55,268,25210,80104,7719,13626,0,0,morgan,
19-May-2013 10:57,269,25219,80152,7721,13636,0,0,morgan,
22-May-2013 23:01,269,25219,80152,7721,13636,0,0,morgan,
24-May-2013 07:39,269,25237,80209,7721,13636,0,0,morgan,
28-May-2013 15:02,269,25238,80210,7721,13636,0,0,morgan,
03-Jun-2013 20:51,269,25238,80210,7721,13636,0,0,morgan,
06-Jun-2013 14:59,269,25240,80218,7721,13636,0,0,morgan,
12-Jun-2013 01:20,270,25265,80291,7731,13644,0,0,morgan,
13-Jun-2013 18:09,270,25265,80302,7732,13644,0,0,morgan,
17-Jun-2013 14:07,270,25266,80306,7732,13644,0,0,morgan,
18-Jun-2013 19:54,270,25266,80306,7732,13644,0,0,morgan,
20-Jun-2013 18:21,270,25250,80263,7728,13637,0,0,morgan,
21-Jun-2013 15:42,270,25249,80261,7728,13637,0,0,morgan,
24-Jun-2013 14:23,270,25249,80261,7728,13637,0,0,morgan,
27-Jun-2013 19:46,270,25252,80261,7723,13637,0,0,morgan,
28-Jun-2013 10:41,270,25252,80261,7723,13637,0,0,morgan,
05-Jul-2013 14:57,270,25256,80268,7721,13638,0,0,morgan,
09-Jul-2013 21:58,270,25256,80265,7721,13638,0,0,morgan,
10-Jul-2013 18:35,270,25256,80275,7724,13638,0,0,morgan,
12-Jul-2013 18:18,272,25276,80361,7725,13654,0,0,morgan,
14-Jul-2013 18:36,272,25276,80361,7725,13654,0,0,morgan,
17-Jul-2013 21:32,272,25276,80361,7725,13654,0,0,morgan,
18-Jul-2013 14:09,272,25276,80361,7725,13654,0,0,morgan,
20-Jul-2013 09:25,272,25276,80361,7725,13654,0,0,morgan,
26-Jul-2013 20:45,272,25276,80361,7725,13654,0,0,morgan,
27-Jul-2013 18:20,272,25276,80361,7725,13654,0,0,morgan,
28-Jul-2013 23:51,272,25278,80369,7725,13654,0,0,morgan,
29-Jul-2013 22:06,272,25279,80372,7725,13654,0,0,morgan,
31-Jul-2013 09:44,272,25279,80372,7725,13654,0,0,morgan,
02-Aug-2013 21:52,272,25282,80377,7725,13654,0,0,morgan,
04-Aug-2013 20:01,272,25282,80376,7725,13654,0,0,morgan,
05-Aug-2013 23:14,272,25282,80376,7725,13654,0,0,morgan,
06-Aug-2013 20:34,272,25284,80386,7726,13656,0,0,morgan,
07-Aug-2013 00:01,272,25284,80386,7726,13656,0,0,morgan,
08-Aug-2013 08:14,272,25284,80386,7726,13656,0,0,morgan,
10-Aug-2013 01:29,272,25289,80407,7728,13676,0,0,morgan,
12-Aug-2013 16:31,272,25289,80404,7728,13673,0,0,morgan,
13-Aug-2013 20:15,272,25289,80404,7728,13673,0,0,morgan,
15-Aug-2013 21:03,272,25289,80404,7728,13673,0,0,morgan,
18-Aug-2013 18:01,272,25290,80407,7728,13673,0,0,morgan,
19-Aug-2013 23:23,272,25290,80407,7728,13673,0,0,morgan,
27-Aug-2013 15:01,271,25278,80387,7728,13673,0,0,graphics,
29-Aug-2013 22:45,272,25320,80468,7728,13673,0,0,morgan,
30-Aug-2013 18:17,272,25320,80468,7728,13673,0,0,morgan,
10-Sep-2013 21:59,272,25320,80468,7728,13673,0,0,morgan,
18-Sep-2013 07:43,272,25320,80468,7728,13673,0,0,morgan,
19-Sep-2013 14:41,272,25320,80468,7728,13673,0,0,morgan,
21-Sep-2013 20:19,272,25320,80468,7728,13673,0,0,morgan,
23-Sep-2013 21:02,272,25320,80468,7728,13673,0,0,morgan,
04-Oct-2013 15:42,273,25313,80495,7734,13687,0,0,morgan,
09-Oct-2013 14:46,273,25318,80509,7734,13688,0,0,morgan,
10-Oct-2013 20:36,275,25338,80626,7739,13732,0,0,morgan,
12-Oct-2013 14:52,275,25338,80626,7739,13732,0,0,morgan,
13-Oct-2013 11:51,275,25338,80626,7739,13732,0,0,morgan,
14-Oct-2013 20:43,275,25338,80626,7739,13732,0,0,morgan,
06-Nov-2013 14:05,278,25443,80902,7747,13758,0,0,michaelmara,
04-Dec-2013 21:53,296,26071,83227,7899,14346,0,0,michaelmara,
05-Dec-2013 19:41,281,25496,81107,7774,13766,0,0,morgan,
07-Dec-2013 16:20,296,26071,83227,7899,14346,0,0,michaelmara,
08-Dec-2013 17:46,296,26071,83227,7899,14346,0,0,michaelmara,
14-Dec-2013 09:31,281,25496,81107,7774,13766,0,0,morgan,
20-Dec-2013 23:59,283,25728,81782,7828,13785,0,0,morgan,
30-Dec-2013 15:31,283,25757,81867,7836,13786,0,0,12mtm1,
31-Dec-2013 16:29,283,25757,81867,7836,13786,0,0,12mtm1,
02-Jan-2014 13:46,283,25757,81867,7836,13786,0,0,12mtm1,
05-Jan-2014 14:25,283,25757,81867,7836,13786,0,0,morgan,
07-Jan-2014 14:31,283,25763,81877,7836,13787,0,0,morgan,
09-Jan-2014 19:54,283,25763,81872,7836,13787,0,0,morgan,
14-Jan-2014 21:55,283,25763,81872,7836,13787,0,0,morgan,
19-Jan-2014 22:46,283,25767,81889,7838,13787,0,0,morgan,
22-Jan-2014 15:46,283,25767,81889,7838,13787,0,0,morgan,
25-Jan-2014 21:44,283,25785,81961,7849,13793,0,0,morgan,
29-Jan-2014 15:00,283,25797,81988,7849,13795,0,0,morgan,
02-Feb-2014 12:10,283,25797,81988,7849,13795,0,0,morgan,
04-Feb-2014 22:30,283,25797,81988,7849,13795,0,0,morgan,
06-Feb-2014 23:30,284,25806,82053,7850,13828,0,0,morgan,
07-Feb-2014 08:12,284,25806,82053,7850,13828,0,0,morgan,
09-Feb-2014 17:55,299,26390,84199,7977,14416,0,0,michaelmara,
10-Feb-2014 11:52,284,25815,82079,7852,13836,0,0,morgan,
14-Feb-2014 17:33,284,25873,82213,7862,13840,0,0,morgan,
15-Feb-2014 11:23,284,25873,82212,7861,13840,0,0,morgan,
18-Feb-2014 14:33,284,25874,82214,7861,13842,0,0,morgan,
19-Feb-2014 08:48,284,25874,82214,7861,13842,0,0,morgan,
20-Feb-2014 14:28,284,25882,82279,7864,13850,0,0,morgan,
22-Feb-2014 12:07,284,25877,82268,7862,13850,0,0,morgan,
26-Feb-2014 20:06,284,25881,82281,7862,13850,0,0,morgan,
10-Mar-2014 22:36,284,25881,82285,7862,13854,0,0,morgan,
11-Mar-2014 21:51,284,25895,82324,7863,13859,0,0,morgan,
13-Mar-2014 20:11,284,25900,82333,7863,13859,0,0,morgan,
25-Mar-2014 22:49,284,25900,82333,7863,13859,0,0,morgan,
30-Mar-2014 22:57,300,26485,84498,7989,14447,0,0,michaelmara,
31-Mar-2014 16:36,300,26485,84498,7989,14447,0,0,michaelmara,
01-Apr-2014 09:51,300,26485,84498,7989,14447,0,0,michaelmara,
07-Apr-2014 09:29,300,26492,84513,7989,14448,0,0,michaelmara,
08-Apr-2014 18:44,285,25917,82393,7864,13868,0,0,morgan,
09-Apr-2014 07:51,285,25917,82393,7864,13868,0,0,morgan,
10-Apr-2014 08:41,285,25923,82410,7864,13868,0,0,morgan,
12-Apr-2014 19:25,285,25924,82413,7864,13868,0,0,morgan,
17-Apr-2014 14:47,285,25924,82413,7864,13868,0,0,morgan,
24-Apr-2014 20:43,285,25931,82445,7866,13873,0,0,morgan,
29-Apr-2014 11:08,285,25936,82448,7866,13873,0,0,morgan,
15-May-2014 19:12,286,26012,82734,7900,13901,0,0,morgan,
20-May-2014 10:33,286,26012,82744,7902,13901,0,0,morgan,
21-May-2014 17:24,286,26021,82772,7904,13902,0,0,morgan,
06-Jun-2014 21:31,286,26025,82781,7904,13902,0,0,morgan,
04-Jul-2014 21:05,288,26191,83181,7915,13933,0,0,morgan,
06-Jul-2014 20:19,288,26191,83187,7915,13930,0,0,morgan,
07-Jul-2014 18:53,288,26201,83214,7915,13941,0,0,morgan,
10-Jul-2014 19:05,288,26215,83236,7915,13941,0,0,morgan,
11-Jul-2014 10:01,288,26215,83236,7915,13941,0,0,morgan,
12-Jul-2014 15:20,288,26215,83236,7915,13941,0,0,morgan,
17-Jul-2014 12:50,288,26220,83254,7915,13945,0,0,morgan,
18-Jul-2014 15:44,290,26242,83374,7918,13979,0,0,morgan,
21-Jul-2014 22:24,290,26279,83478,7931,13981,0,0,morgan,4915,245,4915
22-Jul-2014 17:24,290,26279,83478,7931,13981,0,0,morgan,4915,245,4915
25-Jul-2014 23:59,290,26288,83506,7936,13981,0,0,morgan,4915,245,4915
26-Jul-2014 22:49,290,26288,83506,7936,13981,0,0,morgan,4915,245,4915
27-Jul-2014 10:37,290,26288,83506,7936,13981,0,0,morgan,4915,245,4915
28-Jul-2014 22:59,290,26288,83506,7936,13981,0,0,morgan,4915,245,4915
29-Jul-2014 23:03,305,26863,85636,8061,14565,0,0,michaelmara,4985,260,4985
30-Jul-2014 21:55,290,26288,83516,7936,13985,0,0,morgan,4915,245,4915
31-Jul-2014 14:58,290,26370,83671,7933,13993,0,0,morgan,5008,245,5008
02-Aug-2014 09:10,305,26954,85813,8064,14573,0,0,michaelmara,5077,260,5077
05-Aug-2014 13:02,289,26367,83671,7937,13993,0,0,sam,5007,245,5007
06-Aug-2014 11:49,290,26379,83700,7937,13993,0,0,morgan,5007,245,5007
14-Aug-2014 15:45,290,26379,83700,7937,13993,0,0,morgan,5007,245,5007
15-Aug-2014 16:14,290,26382,83713,7937,13995,0,0,morgan,5008,245,5008
16-Aug-2014 14:19,290,26386,83724,7937,13995,0,0,morgan,5009,245,5009
18-Aug-2014 19:11,305,26957,85834,8062,14575,0,0,michaelmara,5078,260,5078
19-Aug-2014 17:14,305,26957,85830,8062,14575,0,0,michaelmara,5078,260,5078
20-Aug-2014 08:57,290,26384,83723,7938,14000,0,0,morgan,5009,245,5009
21-Aug-2014 19:08,290,26395,83743,7937,14001,0,0,morgan,5011,245,5011
23-Aug-2014 23:11,305,26970,85863,8062,14581,0,0,michaelmara,5081,260,5081
24-Aug-2014 21:42,305,26970,85863,8062,14581,0,0,michaelmara,5081,260,5081
10-Apr-2015 10:27,294,26779,85231,8009,14425,0,0,michaelmara,5116,256
10-Apr-2015 10:28,294,26779,85231,8009,14425,0,0,michaelmara,5116,256
12-Apr-2015 14:29,294,26781,85239,8009,14429,0,0,michaelmara,5116,256
12-Apr-2015 14:30,294,26781,85239,8009,14429,0,0,michaelmara,5116,256
05-May-2015 13:21,294,26809,85295,8009,14435,0,0,michaelmara,5119,256
05-May-2015 13:55,294,26809,85295,8009,14435,0,0,michaelmara,5119,256
05-May-2015 14:06,294,26809,85295,8009,14435,0,0,michaelmara,5119,256
05-May-2015 14:42,294,26809,85295,8009,14435,0,0,michaelmara,5119,256
05-May-2015 14:57,294,26809,85295,8009,14435,0,0,michaelmara,5119,256
27-Aug-2015 19:14,296,26992,85843,8021,14478,0,0,michaelmara,5159,261
27-Aug-2015 19:26,296,26992,85843,8021,14478,0,0,michaelmara,5159,261
29-Sep-2015 14:33,302,27319,103766,8730,14606,0,0,michaelmara,5213,264
29-Sep-2015 14:34,302,27319,103766,8730,14606,0,0,michaelmara,5213,264
16-Oct-2015 13:27,302,27319,103766,8730,14606,0,0,michaelmara,5213,264
16-Oct-2015 13:39,302,27319,103766,8730,14606,0,0,michaelmara,5213,264
21-Oct-2015 13:32,302,27319,103766,8730,14606,0,0,michaelmara,5213,264
21-Oct-2015 13:39,302,27319,103766,8730,14606,0,0,michaelmara,5213,264
28-Oct-2015 15:26,302,27319,103766,8730,14606,0,0,michaelmara,5213,264
30-Oct-2015 12:11,302,27320,103778,8730,14615,0,0,michaelmara,5214,264
30-Oct-2015 12:12,302,27320,103778,8730,14615,0,0,michaelmara,5214,264
30-Oct-2015 12:44,302,27320,103778,8730,14615,0,0,michaelmara,5214,264
30-Oct-2015 13:33,302,27320,103778,8730,14615,0,0,michaelmara,5214,264
30-Oct-2015 13:34,302,27320,103778,8730,14615,0,0,michaelmara,5214,264
28-Feb-2016 16:31,302,27417,104068,8745,14652,0,0,michaelmara,5239,265
22-Mar-2016 09:11,302,27479,104199,8745,14658,0,0,michaelmara,5243,264
22-Mar-2016 09:39,302,27479,104199,8745,14658,0,0,michaelmara,5243,264
22-Mar-2016 09:11,302,27479,104199,8745,14658,0,0,michaelmara,5243,264
28-Feb-2016 16:31,302,27417,104068,8745,14652,0,0,michaelmara,5239,265
30-Oct-2015 12:44,302,27320,103778,8730,14615,0,0,michaelmara,5214,264
28-Oct-2015 15:26,302,27319,103766,8730,14606,0,0,michaelmara,5213,264
16-Oct-2015 13:27,302,27319,103766,8730,14606,0,0,michaelmara,5213,264
05-May-2015 14:42,294,26809,85295,8009,14435,0,0,michaelmara,5119,256
05-May-2015 13:55,294,26809,85295,8009,14435,0,0,michaelmara,5119,256
05-May-2015 13:21,294,26809,85295,8009,14435,0,0,michaelmara,5119,256
31-Aug-2014 12:30,290,26407,83785,7937,14019,0,0,morgan,5013,245,5013
01-Sep-2014 16:53,290,26407,83785,7937,14019,0,0,morgan,5013,245,5013
02-Sep-2014 10:09,290,26407,83785,7937,14019,0,0,morgan,5013,245,5013
03-Sep-2014 14:26,290,26407,83785,7937,14019,0,0,morgan,5013,245,5013
04-Sep-2014 20:27,290,26407,83785,7937,14019,0,0,morgan,5013,245,5013
06-Sep-2014 22:20,290,26407,83785,7937,14019,0,0,morgan,5013,245
06-Sep-2014 22:21,290,26407,83785,7937,14019,0,0,morgan,5013,245
06-Sep-2014 22:26,290,26407,83783,7935,14019,0,0,morgan,5013,245
06-Sep-2014 22:26,290,26407,83783,7935,14019,0,0,morgan,5013,245
06-Sep-2014 22:45,290,26407,83783,7935,14019,0,0,morgan,5013,245
06-Sep-2014 22:45,290,26407,83783,7935,14019,0,0,morgan,5013,245
07-Sep-2014 15:39,290,26407,83787,7935,14019,0,0,morgan,5013,245
07-Sep-2014 15:39,290,26407,83787,7935,14019,0,0,morgan,5013,245
07-Sep-2014 15:42,290,26407,83787,7935,14019,0,0,morgan,5013,245
07-Sep-2014 15:42,290,26407,83787,7935,14019,0,0,morgan,5013,245
07-Sep-2014 16:41,290,26407,83787,7935,14019,0,0,morgan,5013,245
07-Sep-2014 16:42,290,26407,83787,7935,14019,0,0,morgan,5013,245
07-Sep-2014 16:45,290,26407,83787,7935,14019,0,0,morgan,5013,245
07-Sep-2014 16:46,290,26407,83787,7935,14019,0,0,morgan,5013,245
07-Sep-2014 19:19,290,26407,83787,7935,14019,0,0,morgan,5013,245
07-Sep-2014 19:19,290,26407,83787,7935,14019,0,0,morgan,5013,245
07-Sep-2014 19:21,290,26407,83787,7935,14019,0,0,morgan,5013,245
07-Sep-2014 19:21,290,26407,83787,7935,14019,0,0,morgan,5013,245
07-Sep-2014 20:18,290,26407,83787,7935,14019,0,0,morgan,5013,245
07-Sep-2014 20:18,290,26407,83787,7935,14019,0,0,morgan,5013,245
09-Sep-2014 08:11,290,26407,83787,7935,14019,0,0,morgan,5013,245
09-Sep-2014 08:11,290,26407,83787,7935,14019,0,0,morgan,5013,245
09-Sep-2014 08:16,290,26404,83771,7934,14014,0,0,morgan,5012,245
09-Sep-2014 08:16,290,26404,83771,7934,14014,0,0,morgan,5012,245
09-Sep-2014 08:19,290,26404,83771,7934,14014,0,0,morgan,5012,245
09-Sep-2014 08:19,290,26404,83771,7934,14014,0,0,morgan,5012,245
09-Sep-2014 11:04,290,26404,83771,7934,14014,0,0,morgan,5012,245
09-Sep-2014 11:04,290,26404,83771,7934,14014,0,0,morgan,5012,245
11-Sep-2014 09:35,290,26404,83771,7934,14014,0,0,morgan,5012,245
11-Sep-2014 09:35,290,26404,83771,7934,14014,0,0,morgan,5012,245
14-Sep-2014 13:45,290,26404,83771,7934,14014,0,0,morgan,5012,245
14-Sep-2014 13:46,290,26404,83771,7934,14014,0,0,morgan,5012,245
14-Sep-2014 17:23,290,26404,83771,7934,14014,0,0,morgan,5012,245
14-Sep-2014 17:23,290,26404,83771,7934,14014,0,0,morgan,5012,245
14-Sep-2014 21:07,290,26404,83771,7934,14014,0,0,morgan,5012,245
14-Sep-2014 21:08,290,26404,83771,7934,14014,0,0,morgan,5012,245
16-Sep-2014 21:57,290,26404,83771,7934,14014,0,0,morgan,5012,245
16-Sep-2014 21:58,290,26404,83771,7934,14014,0,0,morgan,5012,245
18-Sep-2014 09:44,290,26404,83771,7934,14014,0,0,morgan,5012,245
18-Sep-2014 09:48,290,26404,83771,7934,14014,0,0,morgan,5012,245
19-Sep-2014 11:10,290,26404,83771,7934,14014,0,0,morgan,5012,245
19-Sep-2014 21:52,290,26404,83771,7934,14014,0,0,morgan,5012,245
23-Sep-2014 04:52,290,26404,83771,7934,14014,0,0,morgan,5012,245
23-Sep-2014 04:57,290,26404,83771,7934,14014,0,0,morgan,5012,245
26-Sep-2014 17:23,290,26404,83771,7934,14014,0,0,morgan,5012,245
26-Sep-2014 17:27,290,26404,83771,7934,14014,0,0,morgan,5012,245
26-Sep-2014 21:15,290,26404,83771,7934,14014,0,0,morgan,5012,245
26-Sep-2014 21:21,290,26404,83771,7934,14014,0,0,morgan,5012,245
26-Sep-2014 21:58,290,26404,83771,7934,14014,0,0,morgan,5012,245
30-Sep-2014 13:33,290,26404,83771,7934,14014,0,0,morgan,5012,245
03-Oct-2014 12:06,290,26404,83771,7934,14014,0,0,morgan,5012,245
04-Oct-2014 00:11,290,26408,83778,7934,14014,0,0,morgan,5013,245
04-Oct-2014 00:22,290,26408,83778,7934,14014,0,0,morgan,5013,245
06-Oct-2014 14:31,290,26408,83778,7934,14014,0,0,morgan,5013,245
06-Oct-2014 14:35,290,26408,83778,7934,14014,0,0,morgan,5013,245
06-Oct-2014 15:43,290,26408,83778,7934,14014,0,0,morgan,5013,245
08-Oct-2014 18:07,290,26408,83778,7934,14014,0,0,morgan,5013,245
08-Oct-2014 18:11,290,26408,83778,7934,14014,0,0,morgan,5013,245
10-Oct-2014 07:56,290,26408,83778,7934,14014,0,0,morgan,5013,245
10-Oct-2014 08:08,290,26408,83778,7934,14014,0,0,morgan,5013,245
11-Oct-2014 21:21,290,26408,83778,7934,14014,0,0,morgan,5013,245
11-Oct-2014 21:24,290,26408,83778,7934,14014,0,0,morgan,5013,245
12-Oct-2014 01:25,290,26408,83778,7934,14014,0,0,morgan,5013,245
16-Oct-2014 06:39,290,26408,83778,7934,14014,0,0,morgan,5013,245
16-Oct-2014 06:45,290,26408,83778,7934,14014,0,0,morgan,5013,245
17-Oct-2014 23:47,290,26408,83778,7934,14014,0,0,morgan,5013,245
17-Oct-2014 23:57,290,26408,83779,7934,14014,0,0,morgan,5013,245
26-Oct-2014 21:06,292,26525,84221,7958,14089,0,0,morgan,5048,250
26-Oct-2014 21:36,292,26525,84221,7958,14089,0,0,morgan,5048,250
27-Oct-2014 07:39,292,26525,84221,7958,14089,0,0,morgan,5048,250
27-Oct-2014 07:44,292,26525,84221,7958,14089,0,0,morgan,5048,250
27-Oct-2014 08:52,292,26527,84227,7958,14089,0,0,morgan,5048,250
27-Oct-2014 11:38,292,26527,84227,7958,14089,0,0,morgan,5048,250
27-Oct-2014 17:45,292,26528,84231,7958,14089,0,0,morgan,5048,250
02-Nov-2014 19:47,292,26528,84231,7958,14089,0,0,morgan,5048,250
02-Nov-2014 20:20,292,26528,84231,7958,14089,0,0,morgan,5048,250
02-Nov-2014 20:52,292,26528,84231,7958,14089,0,0,morgan,5048,250
02-Nov-2014 21:23,292,26528,84231,7958,14089,0,0,morgan,5048,250
02-Nov-2014 21:24,292,26528,84231,7958,14089,0,0,morgan,5048,250
05-Nov-2014 15:36,292,26528,84231,7958,14089,0,0,morgan,5048,250
06-Nov-2014 13:51,292,26528,84231,7958,14089,0,0,morgan,5048,250
08-Nov-2014 01:38,292,26528,84231,7958,14089,0,0,morgan,5048,250
08-Nov-2014 02:08,292,26528,84232,7958,14089,0,0,morgan,5048,250
08-Nov-2014 02:11,292,26528,84232,7958,14089,0,0,morgan,5048,250
08-Nov-2014 17:42,292,26527,84232,7958,14089,0,0,morgan,5049,250
11-Nov-2014 11:15,292,26527,84234,7958,14091,0,0,morgan,5049,250
12-Nov-2014 19:54,292,26527,84234,7958,14091,0,0,morgan,5049,250
12-Nov-2014 21:42,292,26528,84235,7958,14091,0,0,morgan,5049,250
12-Nov-2014 21:52,292,26530,84243,7960,14091,0,0,morgan,5049,250
16-Nov-2014 18:47,292,26530,84252,7960,14100,0,0,morgan,5049,250
16-Nov-2014 18:50,292,26530,84252,7960,14100,0,0,morgan,5049,250
16-Nov-2014 20:56,292,26533,84265,7961,14105,0,0,morgan,5049,250
16-Nov-2014 20:57,292,26535,84267,7961,14105,0,0,morgan,5049,250
16-Nov-2014 21:43,292,26550,84305,7981,14105,0,0,morgan,5050,251
16-Nov-2014 22:08,292,26538,84290,7979,14105,0,0,morgan,5051,251
19-Nov-2014 05:31,292,26570,84354,7972,14181,0,0,morgan,5051,251
19-Nov-2014 05:43,292,26570,84354,7972,14181,0,0,morgan,5051,251
24-Nov-2014 09:45,292,26570,84354,7972,14181,0,0,morgan,5051,251
24-Nov-2014 14:37,292,26570,84354,7972,14181,0,0,morgan,5051,251
24-Nov-2014 21:25,292,26570,84354,7972,14181,0,0,morgan,5051,251
24-Nov-2014 21:46,292,26570,84354,7972,14181,0,0,morgan,5051,251
25-Nov-2014 16:37,292,26568,84353,7972,14182,0,0,morgan,5051,251
25-Nov-2014 20:01,292,26568,84353,7972,14182,0,0,morgan,5051,251
25-Nov-2014 20:39,292,26568,84353,7972,14182,0,0,morgan,5051,251
26-Nov-2014 11:37,292,26568,84353,7972,14182,0,0,morgan,5051,251
26-Nov-2014 16:52,292,26568,84353,7972,14182,0,0,morgan,5051,251
26-Nov-2014 17:32,292,26568,84353,7972,14182,0,0,morgan,5051,251
26-Nov-2014 17:33,292,26568,84353,7972,14182,0,0,morgan,5051,251
26-Nov-2014 23:00,292,26568,84353,7972,14182,0,0,morgan,5051,251
26-Nov-2014 23:34,292,26568,84353,7972,14182,0,0,morgan,5051,251
26-Nov-2014 23:53,292,26568,84353,7972,14182,0,0,morgan,5051,251
27-Nov-2014 22:21,292,26568,84353,7972,14182,0,0,morgan,5051,251
27-Nov-2014 22:25,292,26568,84353,7972,14182,0,0,morgan,5051,251
29-Nov-2014 10:01,292,26568,84353,7972,14182,0,0,morgan,5051,251
29-Nov-2014 14:40,292,26568,84353,7972,14182,0,0,morgan,5051,251
29-Nov-2014 14:56,292,26568,84353,7972,14182,0,0,morgan,5051,251
29-Nov-2014 19:06,292,26568,84353,7972,14182,0,0,morgan,5051,251
29-Nov-2014 19:35,292,26568,84353,7972,14182,0,0,morgan,5051,251
29-Nov-2014 20:06,292,26568,84353,7972,14182,0,0,morgan,5051,251
29-Nov-2014 20:36,292,26568,84353,7972,14182,0,0,morgan,5051,251
29-Nov-2014 20:40,292,26568,84353,7972,14182,0,0,morgan,5051,251
29-Nov-2014 23:29,292,26568,84353,7972,14182,0,0,morgan,5051,251
30-Nov-2014 00:00,292,26568,84353,7972,14182,0,0,morgan,5051,251
30-Nov-2014 00:02,292,26568,84353,7972,14182,0,0,morgan,5051,251
02-Dec-2014 14:26,292,26568,84353,7972,14182,0,0,morgan,5051,251
02-Dec-2014 14:32,292,26568,84353,7972,14182,0,0,morgan,5051,251
03-Dec-2014 10:00,292,26568,84353,7972,14182,0,0,morgan,5051,251
03-Dec-2014 10:05,292,26568,84353,7972,14182,0,0,morgan,5051,251
07-Dec-2014 22:32,292,26568,84353,7972,14182,0,0,morgan,5051,251
07-Dec-2014 22:50,292,26568,84353,7972,14182,0,0,morgan,5051,251
09-Dec-2014 23:34,292,26570,84361,7972,14185,0,0,morgan,5051,251
09-Dec-2014 23:35,292,26570,84361,7972,14185,0,0,morgan,5051,251
11-Dec-2014 22:22,292,26570,84361,7972,14185,0,0,morgan,5051,251
11-Dec-2014 22:23,292,26570,84361,7972,14185,0,0,morgan,5051,251
12-Dec-2014 12:08,292,26570,84361,7972,14185,0,0,morgan,5051,251
12-Dec-2014 12:10,292,26570,84361,7972,14185,0,0,morgan,5051,251
13-Dec-2014 08:57,292,26570,84361,7972,14185,0,0,morgan,5051,251
13-Dec-2014 09:27,292,26570,84361,7972,14185,0,0,morgan,5051,251
13-Dec-2014 16:39,292,26570,84361,7972,14185,0,0,morgan,5051,251
13-Dec-2014 16:44,292,26570,84361,7972,14185,0,0,morgan,5051,251
14-Dec-2014 10:52,292,26570,84361,7972,14185,0,0,morgan,5051,251
14-Dec-2014 10:55,292,26570,84361,7972,14185,0,0,morgan,5051,251
17-Dec-2014 22:49,292,26570,84382,7973,14206,0,0,morgan,5051,251
21-Dec-2014 16:28,292,26570,84382,7973,14206,0,0,morgan,5051,251
21-Dec-2014 16:31,292,26570,84382,7973,14206,0,0,morgan,5051,251
21-Dec-2014 17:17,292,26570,84382,7973,14206,0,0,morgan,5051,251
21-Dec-2014 17:38,292,26570,84382,7973,14206,0,0,morgan,5051,251
22-Dec-2014 17:19,292,26570,84382,7973,14206,0,0,morgan,5051,251
28-Dec-2014 12:02,292,26570,84382,7973,14206,0,0,morgan,5051,251
28-Dec-2014 22:45,292,26570,84382,7973,14206,0,0,morgan,5051,251
28-Dec-2014 22:47,292,26570,84382,7973,14206,0,0,morgan,5051,251
30-Dec-2014 11:03,292,26570,84382,7973,14206,0,0,morgan,5051,251
30-Dec-2014 11:08,292,26570,84382,7973,14206,0,0,morgan,5051,251
30-Dec-2014 17:57,292,26570,84384,7973,14207,0,0,morgan,5051,251
30-Dec-2014 18:06,292,26570,84384,7973,14207,0,0,morgan,5051,251
04-Jan-2015 00:35,292,26600,84513,7977,14263,0,0,morgan,5055,252
04-Jan-2015 00:43,292,26600,84513,7977,14263,0,0,morgan,5055,252
04-Jan-2015 10:14,292,26600,84513,7977,14263,0,0,morgan,5055,252
04-Jan-2015 10:15,292,26600,84513,7977,14263,0,0,morgan,5055,252
04-Jan-2015 11:37,292,26600,84513,7977,14263,0,0,morgan,5055,252
04-Jan-2015 16:51,292,26600,84513,7977,14263,0,0,morgan,5055,252
08-Jan-2015 14:15,292,26600,84505,7977,14257,0,0,morgan,5055,252
08-Jan-2015 14:18,292,26600,84505,7977,14257,0,0,morgan,5055,252
08-Jan-2015 17:19,292,26600,84505,7977,14257,0,0,morgan,5055,252
09-Jan-2015 15:06,292,26600,84505,7977,14257,0,0,morgan,5055,252
12-Jan-2015 16:34,292,26600,84505,7977,14257,0,0,morgan,5055,252
12-Jan-2015 16:37,292,26600,84505,7977,14257,0,0,morgan,5055,252
14-Jan-2015 12:00,292,26600,84505,7977,14257,0,0,morgan,5055,252
14-Jan-2015 12:11,292,26601,84507,7979,14257,0,0,morgan,5055,252
14-Jan-2015 13:15,292,26601,84507,7979,14257,0,0,morgan,5055,252
14-Jan-2015 19:01,292,26601,84507,7979,14257,0,0,morgan,5055,252
14-Jan-2015 21:49,292,26601,84507,7979,14257,0,0,morgan,5055,252
14-Jan-2015 22:11,292,26601,84507,7979,14257,0,0,morgan,5055,252
21-Jan-2015 14:02,292,26601,84507,7979,14257,0,0,morgan,5055,252
28-Jan-2015 19:50,292,26607,84521,7979,14257,0,0,morgan,5057,252
28-Jan-2015 20:00,292,26607,84521,7979,14257,0,0,morgan,5057,252
13-Feb-2015 12:09,292,26607,84521,7979,14257,0,0,morgan,5057,252
13-Feb-2015 12:33,292,26607,84521,7979,14257,0,0,morgan,5057,252
20-Feb-2015 15:12,292,26612,84544,7980,14261,0,0,morgan,5058,252
20-Feb-2015 15:20,292,26612,84544,7980,14261,0,0,morgan,5058,252
24-Feb-2015 06:13,292,26611,84538,7974,14261,0,0,morgan,5058,252
20-Mar-2015 16:45,292,26611,84538,7974,14261,0,0,morgan,5058,252
20-Mar-2015 16:59,292,26611,84538,7974,14261,0,0,morgan,5058,252
29-Mar-2015 14:09,294,26776,85213,8008,14425,0,0,morgan,5114,256
29-Mar-2015 14:29,294,26781,85225,8008,14425,0,0,morgan,5116,256
17-May-2015 21:24,294,26809,85295,8009,14435,0,0,morgan,5119,256
17-May-2015 21:25,294,26809,85295,8009,14435,0,0,morgan,5119,256
24-May-2015 10:04,294,26851,85459,8044,14448,0,0,morgan,5134,260
24-May-2015 10:22,294,26851,85459,8044,14448,0,0,morgan,5134,260
25-May-2015 20:46,294,26851,85460,8044,14448,0,0,morgan,5134,260
25-May-2015 20:47,294,26851,85459,8044,14448,0,0,morgan,5134,260
26-May-2015 16:36,294,26851,85459,8044,14448,0,0,morgan,5134,260
27-May-2015 03:13,294,26809,85295,8009,14435,0,0,morgan,5119,256
27-May-2015 03:16,294,26844,85415,8009,14447,0,0,morgan,5135,260
26-Jun-2015 07:54,294,26854,85435,8011,14444,0,0,morgan,5137,260
26-Jun-2015 08:16,294,26854,85435,8011,14444,0,0,morgan,5137,260
26-Jun-2015 10:42,294,26854,85435,8011,14444,0,0,morgan,5137,260
06-Jul-2015 04:54,294,26854,85436,8011,14444,0,0,morgan,5137,260
06-Jul-2015 05:20,294,26854,85436,8011,14444,0,0,morgan,5137,260
06-Jul-2015 10:03,294,26854,85441,8011,14444,0,0,morgan,5137,260
08-Jul-2015 15:44,294,26854,85441,8011,14444,0,0,morgan,5137,260
13-Jul-2015 18:11,296,26923,85683,8017,14469,0,0,morgan,5147,260
17-Jul-2015 08:55,296,26923,85683,8017,14469,0,0,morgan,5147,260
17-Jul-2015 08:59,296,26923,85683,8017,14469,0,0,morgan,5147,260
17-Jul-2015 18:20,296,26956,85761,8020,14474,0,0,morgan,5150,260
17-Jul-2015 18:23,296,26956,85761,8020,14474,0,0,morgan,5150,260
25-Jul-2015 23:57,296,26985,85812,8021,14478,0,0,morgan,5153,260
25-Jul-2015 23:58,296,26985,85812,8021,14478,0,0,morgan,5153,260
27-Jul-2015 09:04,296,26985,85812,8021,14478,0,0,morgan,5153,260
27-Jul-2015 21:04,296,26985,85812,8021,14478,0,0,morgan,5153,260
29-Jul-2015 00:12,296,26985,85812,8021,14478,0,0,morgan,5153,260
29-Jul-2015 00:13,296,26985,85812,8021,14478,0,0,morgan,5153,260
30-Jul-2015 09:17,296,26985,85812,8021,14478,0,0,morgan,5153,260
03-Aug-2015 11:33,296,26985,85812,8021,14478,0,0,morgan,5153,260
03-Aug-2015 11:37,296,26985,85812,8021,14478,0,0,morgan,5153,260
26-Aug-2015 22:04,293,26936,85658,8020,14457,0,0,morgan,5147,260
26-Aug-2015 22:17,296,26985,85812,8021,14478,0,0,morgan,5153,260
28-Aug-2015 09:49,296,26992,85843,8021,14478,0,0,morgan,5159,261
03-Sep-2015 16:32,300,27229,103480,8719,14578,0,0,morgan,5197,264
03-Sep-2015 16:33,300,27229,103480,8719,14578,0,0,morgan,5197,264
06-Sep-2015 21:01,300,27229,103480,8719,14578,0,0,morgan,5197,264
06-Sep-2015 21:51,300,27229,103480,8719,14578,0,0,morgan,5197,264
07-Sep-2015 19:12,300,27229,103480,8719,14578,0,0,morgan,5197,264
12-Sep-2015 23:05,300,27229,103489,8722,14587,0,0,morgan,5197,264
14-Sep-2015 13:29,300,27229,103489,8722,14587,0,0,morgan,5197,264
15-Sep-2015 08:56,300,27229,103495,8723,14587,0,0,morgan,5197,264
15-Sep-2015 15:19,302,27282,103669,8726,14606,0,0,morgan,5203,264
15-Sep-2015 19:53,302,27282,103669,8726,14606,0,0,morgan,5203,264
15-Sep-2015 19:59,302,27282,103669,8726,14606,0,0,morgan,5203,264
17-Sep-2015 06:59,302,27282,103669,8726,14606,0,0,morgan,5203,264
17-Sep-2015 07:17,302,27282,103669,8726,14606,0,0,morgan,5203,264
17-Sep-2015 17:47,302,27312,103742,8726,14605,0,0,morgan,5212,264
17-Sep-2015 17:51,302,27312,103742,8726,14605,0,0,morgan,5212,264
17-Sep-2015 20:21,302,27312,103742,8726,14605,0,0,morgan,5212,264
17-Sep-2015 20:43,302,27312,103742,8726,14605,0,0,morgan,5212,264
17-Sep-2015 21:58,302,27312,103742,8726,14605,0,0,morgan,5212,264
17-Sep-2015 22:29,302,27312,103742,8726,14605,0,0,morgan,5211,264
17-Sep-2015 23:02,302,27312,103742,8726,14605,0,0,morgan,5211,264
17-Sep-2015 23:07,302,27312,103742,8726,14605,0,0,morgan,5211,264
18-Sep-2015 13:36,302,27315,103749,8726,14606,0,0,morgan,5212,264
18-Sep-2015 14:24,302,27315,103756,8726,14606,0,0,morgan,5212,264
18-Sep-2015 14:27,302,27315,103756,8726,14606,0,0,morgan,5212,264
18-Sep-2015 15:49,302,27315,103756,8727,14606,0,0,morgan,5212,264
19-Sep-2015 05:26,302,27315,103756,8727,14606,0,0,morgan,5212,264
19-Sep-2015 05:45,302,27315,103756,8727,14606,0,0,morgan,5212,264
19-Sep-2015 14:19,302,27319,103766,8730,14606,0,0,morgan,5213,264
20-Sep-2015 13:50,302,27319,103766,8730,14606,0,0,morgan,5213,264
20-Sep-2015 19:10,302,27319,103766,8730,14606,0,0,morgan,5213,264
20-Sep-2015 19:40,302,27319,103766,8730,14606,0,0,morgan,5213,264
20-Sep-2015 20:15,302,27319,103766,8730,14606,0,0,morgan,5213,264
20-Sep-2015 20:43,302,27319,103766,8730,14606,0,0,morgan,5213,264
21-Sep-2015 19:41,302,27319,103766,8730,14606,0,0,morgan,5213,264
22-Sep-2015 16:23,302,27319,103766,8730,14606,0,0,morgan,5213,264
24-Sep-2015 15:15,302,27319,103766,8730,14606,0,0,morgan,5213,264
24-Sep-2015 16:49,302,27319,103766,8730,14606,0,0,morgan,5213,264
27-Sep-2015 20:11,302,27319,103766,8730,14606,0,0,morgan,5213,264
28-Sep-2015 08:08,302,27319,103766,8730,14606,0,0,morgan,5213,264
28-Sep-2015 12:07,302,27319,103766,8730,14606,0,0,morgan,5213,264
28-Sep-2015 19:47,302,27319,103766,8730,14606,0,0,morgan,5213,264
28-Sep-2015 19:48,302,27319,103766,8730,14606,0,0,morgan,5213,264
01-Oct-2015 11:27,302,27320,103772,8730,14608,0,0,morgan,5214,264
03-Oct-2015 16:44,302,27320,103771,8730,14608,0,0,morgan,5214,264
08-Oct-2015 19:39,302,27320,103771,8730,14608,0,0,morgan,5214,264
08-Oct-2015 20:02,302,27320,103771,8730,14608,0,0,morgan,5214,264
19-Oct-2015 13:03,302,27320,103778,8730,14615,0,0,morgan,5214,264
19-Oct-2015 13:25,302,27320,103778,8730,14615,0,0,morgan,5214,264
19-Oct-2015 14:08,302,27320,103778,8730,14615,0,0,morgan,5214,264
25-Oct-2015 19:16,302,27320,103778,8730,14615,0,0,morgan,5214,264
27-Oct-2015 20:17,302,27320,103778,8730,14615,0,0,morgan,5214,264
10-Nov-2015 11:00,302,27336,103809,8734,14612,0,0,morgan,5217,264
10-Nov-2015 11:01,302,27336,103809,8734,14612,0,0,morgan,5217,264
12-Nov-2015 19:00,302,27336,103809,8734,14612,0,0,morgan,5217,264
29-Nov-2015 17:49,302,27336,103809,8734,14612,0,0,morgan,5217,264
10-Jan-2016 18:56,302,27336,103809,8734,14612,0,0,morgan,5217,264
11-Jan-2016 14:09,302,27336,103809,8734,14612,0,0,morgan,5217,264
13-Jan-2016 15:12,302,27336,103809,8733,14612,0,0,morgan,5217,264
21-Jan-2016 02:18,302,27336,103809,8733,14612,0,0,morgan,5217,264
28-Jan-2016 09:25,302,27336,103809,8733,14612,0,0,morgan,5217,264
28-Jan-2016 10:49,302,27336,103814,8734,14612,0,0,morgan,5217,264
28-Jan-2016 10:51,302,27336,103816,8735,14612,0,0,morgan,5217,264
06-Feb-2016 21:44,302,27371,103895,8737,14627,0,0,morgan,5220,264
08-Feb-2016 14:35,302,27371,103895,8737,14627,0,0,morgan,5220,264
08-Feb-2016 14:50,302,27371,103895,8737,14627,0,0,morgan,5220,264
10-Feb-2016 14:33,302,27375,103940,8740,14625,0,0,morgan,5229,265
10-Feb-2016 14:37,302,27377,103953,8740,14625,0,0,morgan,5231,265
10-Feb-2016 17:54,302,27383,103987,8740,14634,0,0,morgan,5237,265
10-Feb-2016 17:57,302,27384,103988,8740,14634,0,0,morgan,5237,265
10-Feb-2016 20:28,302,27386,103990,8740,14638,0,0,morgan,5237,265
11-Feb-2016 22:11,302,27386,103990,8740,14638,0,0,morgan,5237,265
12-Feb-2016 18:43,302,27386,103990,8740,14638,0,0,morgan,5237,265
12-Feb-2016 18:44,302,27386,103990,8740,14638,0,0,morgan,5237,265
13-Feb-2016 17:24,302,27386,103990,8740,14638,0,0,morgan,5237,265
14-Feb-2016 22:58,302,27386,103990,8740,14638,0,0,morgan,5237,265
15-Feb-2016 16:20,302,27388,104004,8740,14649,0,0,morgan,5237,265
16-Feb-2016 21:56,302,27418,104055,8740,14651,0,0,morgan,5238,265
17-Feb-2016 11:03,302,27418,104055,8740,14651,0,0,morgan,5238,265
17-Feb-2016 11:07,302,27416,104052,8741,14651,0,0,morgan,5238,265
17-Feb-2016 12:43,302,27416,104052,8741,14651,0,0,morgan,5238,265
22-Feb-2016 17:14,302,27416,104052,8741,14651,0,0,morgan,5238,265
23-Feb-2016 14:16,302,27418,104061,8741,14652,0,0,morgan,5239,265
24-Feb-2016 13:03,302,27415,104062,8743,14652,0,0,morgan,5239,265
26-Feb-2016 13:35,302,27415,104062,8743,14652,0,0,morgan,5239,265
28-Feb-2016 21:21,302,27417,104068,8745,14652,0,0,morgan,5239,265
28-Feb-2016 21:22,302,27417,104068,8745,14652,0,0,morgan,5239,265
04-Mar-2016 00:22,302,27417,104068,8745,14652,0,0,morgan,5239,265
24-Mar-2016 22:04,302,27479,104210,8755,14658,0,0,morgan,5243,264
24-Mar-2016 22:22,302,27479,104223,8756,14658,0,0,morgan,5243,264
04-Mar-2016 00:22,302,27417,104068,8745,14652,0,0,morgan,5239,265
26-Feb-2016 13:35,302,27415,104062,8743,14652,0,0,morgan,5239,265
24-Feb-2016 13:03,302,27415,104062,8743,14652,0,0,morgan,5239,265
23-Feb-2016 14:16,302,27418,104061,8741,14652,0,0,morgan,5239,265
22-Feb-2016 17:14,302,27416,104052,8741,14651,0,0,morgan,5238,265
17-Feb-2016 12:43,302,27416,104052,8741,14651,0,0,morgan,5238,265
15-Feb-2016 16:20,302,27388,104004,8740,14649,0,0,morgan,5237,265
14-Feb-2016 22:58,302,27386,103990,8740,14638,0,0,morgan,5237,265
13-Feb-2016 17:24,302,27386,103990,8740,14638,0,0,morgan,5237,265
11-Feb-2016 22:11,302,27386,103990,8740,14638,0,0,morgan,5237,265
10-Feb-2016 20:28,302,27386,103990,8740,14638,0,0,morgan,5237,265
10-Feb-2016 17:54,302,27383,103987,8740,14634,0,0,morgan,5237,265
08-Feb-2016 14:35,302,27371,103895,8737,14627,0,0,morgan,5220,264
06-Feb-2016 21:44,302,27371,103895,8737,14627,0,0,morgan,5220,264
28-Jan-2016 09:25,302,27336,103809,8733,14612,0,0,morgan,5217,264
21-Jan-2016 02:18,302,27336,103809,8733,14612,0,0,morgan,5217,264
13-Jan-2016 15:12,302,27336,103809,8733,14612,0,0,morgan,5217,264
11-Jan-2016 14:09,302,27336,103809,8734,14612,0,0,morgan,5217,264
10-Jan-2016 18:56,302,27336,103809,8734,14612,0,0,morgan,5217,264
29-Nov-2015 17:49,302,27336,103809,8734,14612,0,0,morgan,5217,264
12-Nov-2015 19:00,302,27336,103809,8734,14612,0,0,morgan,5217,264
27-Oct-2015 20:17,302,27320,103778,8730,14615,0,0,morgan,5214,264
25-Oct-2015 19:16,302,27320,103778,8730,14615,0,0,morgan,5214,264
19-Oct-2015 14:08,302,27320,103778,8730,14615,0,0,morgan,5214,264
08-Oct-2015 19:39,302,27320,103771,8730,14608,0,0,morgan,5214,264
03-Oct-2015 16:44,302,27320,103771,8730,14608,0,0,morgan,5214,264
01-Oct-2015 11:27,302,27320,103772,8730,14608,0,0,morgan,5214,264
28-Sep-2015 12:07,302,27319,103766,8730,14606,0,0,morgan,5213,264
28-Sep-2015 08:08,302,27319,103766,8730,14606,0,0,morgan,5213,264
27-Sep-2015 20:11,302,27319,103766,8730,14606,0,0,morgan,5213,264
24-Sep-2015 16:49,302,27319,103766,8730,14606,0,0,morgan,5213,264
24-Sep-2015 15:15,302,27319,103766,8730,14606,0,0,morgan,5213,264
22-Sep-2015 16:23,302,27319,103766,8730,14606,0,0,morgan,5213,264
21-Sep-2015 19:41,302,27319,103766,8730,14606,0,0,morgan,5213,264
20-Sep-2015 20:15,302,27319,103766,8730,14606,0,0,morgan,5213,264
20-Sep-2015 19:40,302,27319,103766,8730,14606,0,0,morgan,5213,264
20-Sep-2015 19:10,302,27319,103766,8730,14606,0,0,morgan,5213,264
20-Sep-2015 13:50,302,27319,103766,8730,14606,0,0,morgan,5213,264
19-Sep-2015 14:19,302,27319,103766,8730,14606,0,0,morgan,5213,264
19-Sep-2015 05:26,302,27315,103756,8727,14606,0,0,morgan,5212,264
18-Sep-2015 15:49,302,27315,103756,8727,14606,0,0,morgan,5212,264
18-Sep-2015 14:24,302,27315,103756,8726,14606,0,0,morgan,5212,264
18-Sep-2015 13:36,302,27315,103749,8726,14606,0,0,morgan,5212,264
17-Sep-2015 23:02,302,27312,103742,8726,14605,0,0,morgan,5211,264
17-Sep-2015 22:29,302,27312,103742,8726,14605,0,0,morgan,5211,264
17-Sep-2015 21:58,302,27312,103742,8726,14605,0,0,morgan,5212,264
17-Sep-2015 20:21,302,27312,103742,8726,14605,0,0,morgan,5212,264
17-Sep-2015 06:59,302,27282,103669,8726,14606,0,0,morgan,5203,264
15-Sep-2015 19:53,302,27282,103669,8726,14606,0,0,morgan,5203,264
15-Sep-2015 15:19,302,27282,103669,8726,14606,0,0,morgan,5203,264
15-Sep-2015 08:56,300,27229,103495,8723,14587,0,0,morgan,5197,264
14-Sep-2015 13:29,300,27229,103489,8722,14587,0,0,morgan,5197,264
12-Sep-2015 23:05,300,27229,103489,8722,14587,0,0,morgan,5197,264
07-Sep-2015 19:12,300,27229,103480,8719,14578,0,0,morgan,5197,264
06-Sep-2015 21:51,300,27229,103480,8719,14578,0,0,morgan,5197,264
06-Sep-2015 21:01,300,27229,103480,8719,14578,0,0,morgan,5197,264
28-Aug-2015 09:49,296,26992,85843,8021,14478,0,0,morgan,5159,261
30-Jul-2015 09:17,296,26985,85812,8021,14478,0,0,morgan,5153,260
27-Jul-2015 21:04,296,26985,85812,8021,14478,0,0,morgan,5153,260
27-Jul-2015 09:04,296,26985,85812,8021,14478,0,0,morgan,5153,260
13-Jul-2015 18:11,296,26923,85683,8017,14469,0,0,morgan,5147,260
08-Jul-2015 15:44,294,26854,85441,8011,14444,0,0,morgan,5137,260
06-Jul-2015 10:03,294,26854,85441,8011,14444,0,0,morgan,5137,260
06-Jul-2015 04:54,294,26854,85436,8011,14444,0,0,morgan,5137,260
26-Jun-2015 10:42,294,26854,85435,8011,14444,0,0,morgan,5137,260
26-Jun-2015 07:54,294,26854,85435,8011,14444,0,0,morgan,5137,260
27-May-2015 03:13,294,26809,85295,8009,14435,0,0,morgan,5119,256
26-May-2015 16:36,294,26851,85459,8044,14448,0,0,morgan,5134,260
25-May-2015 20:46,294,26851,85460,8044,14448,0,0,morgan,5134,260
20-Mar-2015 16:45,292,26611,84538,7974,14261,0,0,morgan,5058,252
24-Feb-2015 06:13,292,26611,84538,7974,14261,0,0,morgan,5058,252
20-Feb-2015 15:12,292,26612,84544,7980,14261,0,0,morgan,5058,252
21-Jan-2015 14:02,292,26601,84507,7979,14257,0,0,morgan,5055,252
14-Jan-2015 21:49,292,26601,84507,7979,14257,0,0,morgan,5055,252
14-Jan-2015 19:01,292,26601,84507,7979,14257,0,0,morgan,5055,252
14-Jan-2015 13:15,292,26601,84507,7979,14257,0,0,morgan,5055,252
12-Jan-2015 16:34,292,26600,84505,7977,14257,0,0,morgan,5055,252
09-Jan-2015 15:06,292,26600,84505,7977,14257,0,0,morgan,5055,252
08-Jan-2015 17:19,292,26600,84505,7977,14257,0,0,morgan,5055,252
08-Jan-2015 14:15,292,26600,84505,7977,14257,0,0,morgan,5055,252
04-Jan-2015 16:51,292,26600,84513,7977,14263,0,0,morgan,5055,252
04-Jan-2015 11:37,292,26600,84513,7977,14263,0,0,morgan,5055,252
28-Dec-2014 22:45,292,26570,84382,7973,14206,0,0,morgan,5051,251
28-Dec-2014 12:02,292,26570,84382,7973,14206,0,0,morgan,5051,251
22-Dec-2014 17:19,292,26570,84382,7973,14206,0,0,morgan,5051,251
21-Dec-2014 17:17,292,26570,84382,7973,14206,0,0,morgan,5051,251
21-Dec-2014 17:17,292,26570,84382,7973,14206,0,0,morgan,5051,251
21-Dec-2014 16:28,292,26570,84382,7973,14206,0,0,morgan,5051,251
17-Dec-2014 22:49,292,26570,84382,7973,14206,0,0,morgan,5051,251
14-Dec-2014 10:52,292,26570,84361,7972,14185,0,0,morgan,5051,251
13-Dec-2014 16:39,292,26570,84361,7972,14185,0,0,morgan,5051,251
13-Dec-2014 09:27,292,26570,84361,7972,14185,0,0,morgan,5051,251
13-Dec-2014 08:57,292,26570,84361,7972,14185,0,0,morgan,5051,251
12-Dec-2014 12:08,292,26570,84361,7972,14185,0,0,morgan,5051,251
07-Dec-2014 22:32,292,26568,84353,7972,14182,0,0,morgan,5051,251
30-Nov-2014 00:00,292,26568,84353,7972,14182,0,0,morgan,5051,251
29-Nov-2014 23:29,292,26568,84353,7972,14182,0,0,morgan,5051,251
29-Nov-2014 20:36,292,26568,84353,7972,14182,0,0,morgan,5051,251
29-Nov-2014 20:06,292,26568,84353,7972,14182,0,0,morgan,5051,251
29-Nov-2014 19:06,292,26568,84353,7972,14182,0,0,morgan,5051,251
29-Nov-2014 10:01,292,26568,84353,7972,14182,0,0,morgan,5051,251
26-Nov-2014 23:00,292,26568,84353,7972,14182,0,0,morgan,5051,251
26-Nov-2014 17:32,292,26568,84353,7972,14182,0,0,morgan,5051,251
26-Nov-2014 16:52,292,26568,84353,7972,14182,0,0,morgan,5051,251
26-Nov-2014 11:37,292,26568,84353,7972,14182,0,0,morgan,5051,251
25-Nov-2014 20:39,292,26568,84353,7972,14182,0,0,morgan,5051,251
25-Nov-2014 20:01,292,26568,84353,7972,14182,0,0,morgan,5051,251
25-Nov-2014 16:37,292,26568,84353,7972,14182,0,0,morgan,5051,251
24-Nov-2014 21:25,292,26570,84354,7972,14181,0,0,morgan,5051,251
24-Nov-2014 14:37,292,26570,84354,7972,14181,0,0,morgan,5051,251
24-Nov-2014 14:37,292,26570,84354,7972,14181,0,0,morgan,5051,251
24-Nov-2014 14:37,292,26570,84354,7972,14181,0,0,morgan,5051,251
24-Nov-2014 09:45,292,26570,84354,7972,14181,0,0,morgan,5051,251
24-Nov-2014 09:45,292,26570,84354,7972,14181,0,0,morgan,5051,251
24-Nov-2014 09:45,292,26570,84354,7972,14181,0,0,morgan,5051,251
16-Nov-2014 20:56,292,26534,84266,7961,14105,0,0,morgan,5049,250
12-Nov-2014 19:54,292,26527,84234,7958,14091,0,0,morgan,5049,250
11-Nov-2014 11:15,292,26527,84234,7958,14091,0,0,morgan,5049,250
08-Nov-2014 17:42,292,26527,84232,7958,14089,0,0,morgan,5049,250
08-Nov-2014 17:42,292,26527,84232,7958,14089,0,0,morgan,5049,250
08-Nov-2014 17:42,292,26527,84232,7958,14089,0,0,morgan,5049,250
08-Nov-2014 02:08,292,26528,84232,7958,14089,0,0,morgan,5048,250
08-Nov-2014 01:38,292,26528,84231,7958,14089,0,0,morgan,5048,250
06-Nov-2014 13:51,292,26528,84231,7958,14089,0,0,morgan,5048,250
05-Nov-2014 15:36,292,26528,84231,7958,14089,0,0,morgan,5048,250
02-Nov-2014 21:23,292,26528,84231,7958,14089,0,0,morgan,5048,250
02-Nov-2014 20:52,292,26528,84231,7958,14089,0,0,morgan,5048,250
02-Nov-2014 20:20,292,26528,84231,7958,14089,0,0,morgan,5048,250
02-Nov-2014 19:47,292,26528,84231,7958,14089,0,0,morgan,5048,250
27-Oct-2014 17:45,292,26528,84231,7958,14089,0,0,morgan,5048,250
27-Oct-2014 11:38,292,26527,84227,7958,14089,0,0,morgan,5048,250
27-Oct-2014 08:52,292,26527,84227,7958,14089,0,0,morgan,5048,250
27-Oct-2014 07:39,292,26525,84221,7958,14089,0,0,morgan,5048,250
26-Oct-2014 21:36,292,26525,84221,7958,14089,0,0,morgan,5048,250
26-Oct-2014 21:36,292,26525,84221,7958,14089,0,0,morgan,5048,250
17-Oct-2014 23:47,290,26408,83778,7934,14014,0,0,morgan,5013,245
11-Oct-2014 21:21,290,26408,83778,7934,14014,0,0,morgan,5013,245
10-Oct-2014 07:56,290,26408,83778,7934,14014,0,0,morgan,5013,245
08-Oct-2014 18:07,290,26408,83778,7934,14014,0,0,morgan,5013,245
06-Oct-2014 15:43,290,26408,83778,7934,14014,0,0,morgan,5013,245
06-Oct-2014 14:31,290,26408,83778,7934,14014,0,0,morgan,5013,245
04-Oct-2014 00:11,290,26408,83778,7934,14014,0,0,morgan,5013,245
03-Oct-2014 12:06,290,26404,83771,7934,14014,0,0,morgan,5012,245
30-Sep-2014 13:33,290,26404,83771,7934,14014,0,0,morgan,5012,245
26-Sep-2014 21:58,290,26404,83771,7934,14014,0,0,morgan,5012,245
26-Sep-2014 21:15,290,26404,83771,7934,14014,0,0,morgan,5012,245
26-Sep-2014 17:23,290,26404,83771,7934,14014,0,0,morgan,5012,245
23-Sep-2014 04:52,290,26404,83771,7934,14014,0,0,morgan,5012,245
19-Sep-2014 21:52,290,26404,83771,7934,14014,0,0,morgan,5012,245
19-Sep-2014 11:10,290,26404,83771,7934,14014,0,0,morgan,5012,245
18-Sep-2014 09:44,290,26404,83771,7934,14014,0,0,morgan,5012,245
06-Sep-2014 14:52,289,26395,83762,7937,14019,0,0,sam,5013,245,5013
16-Feb-2015 11:04,291,26595,84498,7979,14257,0,0,sam,5057,252
16-Feb-2015 11:27,291,26594,84498,7979,14257,0,0,sam,5057,252
12-Jan-2016 21:42,301,27324,103786,8734,14612,0,0,sam,5217,264
12-Jan-2016 21:58,301,27324,103786,8733,14612,0,0,sam,5217,264
19-Feb-2015 15:46,292,26609,84536,7980,14261,0,0,16sad3,5058,252
23-Feb-2015 13:21,292,26609,84536,7980,14261,0,0,16sad3,5058,252
23-Feb-2015 13:30,292,26609,84536,7980,14261,0,0,16sad3,5058,252
23-Feb-2015 13:21,292,26609,84536,7980,14261,0,0,16sad3,5058,252
19-Feb-2015 15:46,292,26609,84536,7980,14261,0,0,16sad3,5058,252
